LLNW,3.04,09:30:26
LLNW,3.03,09:30:26
LLNW,3.02,09:30:31
LLNW,3.015,09:31:02
LLNW,2.98,09:31:04
LLNW,2.99,09:31:05
LLNW,3,09:31:07
LLNW,3.01,09:31:08
LLNW,3.02,09:31:10
LLNW,3.01,09:31:11
LLNW,3.005,09:31:13
LLNW,3,09:31:18
LLNW,3.0045,09:31:31
LLNW,3.0089,09:31:33
LLNW,3.01,09:31:40
LLNW,3.015,09:31:45
LLNW,3.02,09:32:02
LLNW,3.01,09:32:10
LLNW,3.015,09:32:53
LLNW,3.01,09:32:54
LLNW,3.02,09:32:55
LLNW,3,09:33:07
LLNW,2.9944,09:33:25
LLNW,2.995,09:33:26
LLNW,2.99,09:33:27
LLNW,3,09:33:36
LLNW,2.995,09:33:55
LLNW,3,09:34:05
LLNW,2.99,09:34:10
LLNW,2.9901,09:34:19
LLNW,2.99,09:34:21
LLNW,2.9899,09:34:24
LLNW,2.985,09:34:31
LLNW,2.98,09:34:33
LLNW,2.975,09:34:51
LLNW,2.99,09:35:03
LLNW,2.9899,09:35:27
LLNW,2.985,09:35:39
LLNW,2.9999,09:35:40
LLNW,3,09:35:41
LLNW,3.01,09:35:49
LLNW,3.015,09:36:07
LLNW,3.0101,09:36:09
LLNW,3.03,09:36:12
LLNW,3.025,09:36:15
LLNW,3.03,09:36:16
LLNW,3.025,09:36:19
LLNW,3.03,09:36:27
LLNW,3.035,09:36:32
LLNW,3.03,09:36:33
LLNW,3.035,09:36:47
LLNW,3.03,09:36:50
LLNW,3.02,09:37:01
LLNW,3.035,09:37:08
LLNW,3.04,09:37:35
LLNW,3.05,09:37:56
LLNW,3.045,09:38:23
LLNW,3.06,09:38:29
LLNW,3.055,09:38:30
LLNW,3.06,09:38:50
LLNW,3.055,09:38:58
LLNW,3.06,09:39:01
LLNW,3.055,09:39:06
LLNW,3.07,09:39:09
LLNW,3.06,09:39:15
LLNW,3.0699,09:39:18
LLNW,3.06,09:39:31
LLNW,3.065,09:39:32
LLNW,3.06,09:39:34
LLNW,3.065,09:39:43
LLNW,3.06,09:39:44
LLNW,3.07,09:39:50
LLNW,3.065,09:39:56
LLNW,3.075,09:40:02
LLNW,3.08,09:40:14
LLNW,3.09,09:40:37
LLNW,3.0911,09:40:59
LLNW,3.095,09:41:17
LLNW,3.099,09:41:27
LLNW,3.095,09:41:29
LLNW,3.09,09:41:30
LLNW,3.095,09:41:50
LLNW,3.09,09:42:04
LLNW,3.0911,09:42:09
LLNW,3.09,09:42:12
LLNW,3.0981,09:42:15
LLNW,3.0911,09:42:20
LLNW,3.09,09:42:22
LLNW,3.095,09:42:33
LLNW,3.09,09:42:40
LLNW,3.095,09:43:00
LLNW,3.099,09:43:10
LLNW,3.0911,09:43:11
LLNW,3.09,09:43:23
LLNW,3.0999,09:43:30
LLNW,3.0911,09:43:32
LLNW,3.09,09:43:43
LLNW,3.0972,09:43:45
LLNW,3.095,09:43:52
LLNW,3.09,09:44:03
LLNW,3.095,09:44:12
LLNW,3.0983,09:44:20
LLNW,3.09,09:44:21
LLNW,3.1,09:44:30
LLNW,3.09,09:44:34
LLNW,3.095,09:44:38
LLNW,3.09,09:44:39
LLNW,3.095,09:44:43
LLNW,3.1,09:44:44
LLNW,3.1099,09:44:47
LLNW,3.11,09:44:51
LLNW,3.117,09:45:00
LLNW,3.1189,09:45:06
LLNW,3.12,09:45:09
LLNW,3.13,09:45:14
LLNW,3.123,09:45:21
LLNW,3.125,09:45:30
LLNW,3.12,09:45:37
LLNW,3.125,09:45:40
LLNW,3.13,09:46:26
LLNW,3.135,09:46:33
LLNW,3.13,09:46:41
LLNW,3.134,09:47:01
LLNW,3.13,09:47:02
LLNW,3.125,09:47:21
LLNW,3.12,09:47:22
LLNW,3.1257,09:47:37
LLNW,3.12,09:47:46
LLNW,3.125,09:47:47
LLNW,3.12,09:47:48
LLNW,3.1111,09:47:52
LLNW,3.12,09:47:56
LLNW,3.115,09:47:57
LLNW,3.12,09:48:07
LLNW,3.115,09:48:11
LLNW,3.11,09:48:34
LLNW,3.12,09:49:25
LLNW,3.115,09:49:30
LLNW,3.105,09:49:33
LLNW,3.1,09:49:46
LLNW,3.095,09:49:49
LLNW,3.1,09:49:50
LLNW,3.09,09:49:56
LLNW,3.085,09:50:05
LLNW,3.08,09:50:28
LLNW,3.07,09:50:38
LLNW,3.0708,09:50:42
LLNW,3.075,09:50:43
LLNW,3.0799,09:50:47
LLNW,3.07,09:50:51
LLNW,3.065,09:50:57
LLNW,3.07,09:50:59
LLNW,3.065,09:51:13
LLNW,3.06,09:51:29
LLNW,3.065,09:51:41
LLNW,3.07,09:51:42
LLNW,3.0697,09:52:02
LLNW,3.0613,09:52:05
LLNW,3.07,09:52:06
LLNW,3.065,09:52:17
LLNW,3.06,09:52:34
LLNW,3.065,09:52:50
LLNW,3.07,09:52:53
LLNW,3.075,09:53:02
LLNW,3.07,09:53:18
LLNW,3.0789,09:53:23
LLNW,3.07,09:53:24
LLNW,3.0601,09:53:29
LLNW,3.07,09:53:36
LLNW,3.08,09:53:52
LLNW,3.1,09:54:32
LLNW,3.105,09:55:07
LLNW,3.1,09:55:08
LLNW,3.105,09:55:10
LLNW,3.11,09:55:32
LLNW,3.1101,09:55:47
LLNW,3.1111,09:55:51
LLNW,3.11,09:56:02
LLNW,3.1,09:56:34
LLNW,3.105,09:56:37
LLNW,3.1,09:56:43
LLNW,3.0999,09:56:50
LLNW,3.09,09:56:52
LLNW,3.08,09:56:57
LLNW,3.085,09:57:02
LLNW,3.0895,09:57:14
LLNW,3.083,09:57:15
LLNW,3.08,09:57:17
LLNW,3.075,09:57:59
LLNW,3.08,09:58:08
LLNW,3.085,09:58:24
LLNW,3.09,09:58:32
LLNW,3.085,09:58:45
LLNW,3.08,09:58:57
LLNW,3.075,09:59:01
LLNW,3.08,09:59:03
LLNW,3.075,09:59:07
LLNW,3.08,09:59:11
LLNW,3.07,09:59:20
LLNW,3.0702,09:59:47
LLNW,3.09,10:00:01
LLNW,3.085,10:00:14
LLNW,3.09,10:00:24
LLNW,3.085,10:00:33
LLNW,3.09,10:00:42
LLNW,3.08,10:00:44
LLNW,3.075,10:01:15
LLNW,3.07,10:01:33
LLNW,3.075,10:02:10
LLNW,3.078,10:02:34
LLNW,3.07,10:02:38
LLNW,3.08,10:02:49
LLNW,3.075,10:02:58
LLNW,3.07,10:03:04
LLNW,3.06,10:03:21
LLNW,3.065,10:04:07
LLNW,3.06,10:04:15
LLNW,3.0589,10:04:16
LLNW,3.05,10:04:17
LLNW,3.045,10:04:21
LLNW,3.05,10:04:22
LLNW,3.055,10:04:34
LLNW,3.06,10:05:02
LLNW,3.052,10:05:08
LLNW,3.06,10:05:11
LLNW,3.07,10:05:24
LLNW,3.0699,10:05:51
LLNW,3.06,10:06:05
LLNW,3.0689,10:06:09
LLNW,3.065,10:06:11
LLNW,3.07,10:06:44
LLNW,3.0795,10:06:52
LLNW,3.08,10:06:55
LLNW,3.09,10:07:41
LLNW,3.095,10:07:45
LLNW,3.0989,10:07:55
LLNW,3.095,10:08:04
LLNW,3.09,10:08:25
LLNW,3.085,10:08:32
LLNW,3.0814,10:09:00
LLNW,3.09,10:09:05
LLNW,3.0892,10:09:17
LLNW,3.085,10:09:29
LLNW,3.09,10:09:35
LLNW,3.095,10:09:49
LLNW,3.1,10:10:03
LLNW,3.1011,10:10:11
LLNW,3.11,10:10:21
LLNW,3.1,10:10:28
LLNW,3.105,10:10:55
LLNW,3.1,10:11:42
LLNW,3.0906,10:11:50
LLNW,3.085,10:11:57
LLNW,3.08,10:12:03
LLNW,3.085,10:12:09
LLNW,3.09,10:12:12
LLNW,3.085,10:12:36
LLNW,3.0889,10:12:54
LLNW,3.0801,10:13:38
LLNW,3.0811,10:13:46
LLNW,3.08,10:14:05
LLNW,3.085,10:14:10
LLNW,3.0899,10:14:12
LLNW,3.0881,10:14:28
LLNW,3.085,10:14:47
LLNW,3.09,10:15:03
LLNW,3.095,10:15:08
LLNW,3.09,10:15:27
LLNW,3.095,10:15:28
LLNW,3.09,10:15:41
LLNW,3.0938,10:15:49
LLNW,3.095,10:16:11
LLNW,3.0911,10:16:24
LLNW,3.09,10:16:37
LLNW,3.0816,10:16:55
LLNW,3.08,10:16:57
LLNW,3.0793,10:17:06
LLNW,3.08,10:17:11
LLNW,3.0798,10:17:12
LLNW,3.08,10:17:13
LLNW,3.085,10:17:14
LLNW,3.09,10:17:27
LLNW,3.1099,10:17:47
LLNW,3.105,10:18:02
LLNW,3.11,10:18:03
LLNW,3.12,10:18:21
LLNW,3.1196,10:18:27
LLNW,3.1111,10:18:53
LLNW,3.11,10:19:39
LLNW,3.105,10:19:40
LLNW,3.11,10:20:22
LLNW,3.12,10:20:28
LLNW,3.115,10:20:53
LLNW,3.12,10:20:55
LLNW,3.115,10:21:22
LLNW,3.12,10:21:49
LLNW,3.11,10:22:01
LLNW,3.115,10:22:19
LLNW,3.11,10:22:29
LLNW,3.115,10:22:40
LLNW,3.11,10:23:09
LLNW,3.105,10:23:12
LLNW,3.1019,10:23:13
LLNW,3.105,10:23:16
LLNW,3.095,10:23:23
LLNW,3.0981,10:23:36
LLNW,3.0905,10:23:52
LLNW,3.09,10:23:53
LLNW,3.095,10:24:01
LLNW,3.08,10:24:27
LLNW,3.09,10:25:02
LLNW,3.095,10:25:32
LLNW,3.09,10:25:42
LLNW,3.085,10:25:57
LLNW,3.09,10:26:06
LLNW,3.095,10:26:15
LLNW,3.1,10:26:23
LLNW,3.095,10:26:57
LLNW,3.1,10:27:02
LLNW,3.11,10:27:28
LLNW,3.105,10:27:37
LLNW,3.11,10:27:42
LLNW,3.1,10:27:51
LLNW,3.095,10:28:33
LLNW,3.1,10:29:08
LLNW,3.105,10:29:53
LLNW,3.1001,10:30:25
LLNW,3.1,10:30:26
LLNW,3.105,10:30:28
LLNW,3.1081,10:30:36
LLNW,3.105,10:30:46
LLNW,3.1097,10:31:54
LLNW,3.1019,10:31:58
LLNW,3.105,10:32:04
LLNW,3.101,10:32:06
LLNW,3.105,10:32:07
LLNW,3.095,10:33:35
LLNW,3.0952,10:34:06
LLNW,3.1,10:34:14
LLNW,3.105,10:34:15
LLNW,3.1005,10:34:39
LLNW,3.11,10:34:59
LLNW,3.105,10:35:22
LLNW,3.11,10:35:49
LLNW,3.1089,10:36:35
LLNW,3.105,10:36:38
LLNW,3.108,10:37:23
LLNW,3.11,10:37:27
LLNW,3.095,10:38:16
LLNW,3.1,10:38:22
LLNW,3.11,10:39:01
LLNW,3.1081,10:39:42
LLNW,3.105,10:39:56
LLNW,3.11,10:40:27
LLNW,3.1,10:41:17
LLNW,3.11,10:41:23
LLNW,3.115,10:41:46
LLNW,3.12,10:41:51
LLNW,3.113,10:42:10
LLNW,3.12,10:42:14
LLNW,3.115,10:42:20
LLNW,3.12,10:42:32
LLNW,3.11,10:42:59
LLNW,3.1092,10:43:20
LLNW,3.1099,10:43:28
LLNW,3.11,10:43:39
LLNW,3.105,10:43:40
LLNW,3.11,10:43:43
LLNW,3.1089,10:44:24
LLNW,3.105,10:44:44
LLNW,3.11,10:44:55
LLNW,3.115,10:45:13
LLNW,3.12,10:45:45
LLNW,3.1288,10:45:52
LLNW,3.1296,10:46:01
LLNW,3.125,10:46:09
LLNW,3.12,10:46:28
LLNW,3.115,10:46:49
LLNW,3.12,10:47:01
LLNW,3.1221,10:47:13
LLNW,3.125,10:47:57
LLNW,3.115,10:48:06
LLNW,3.11,10:48:07
LLNW,3.1111,10:49:13
LLNW,3.115,10:49:46
LLNW,3.119,10:49:48
LLNW,3.115,10:50:16
LLNW,3.1135,10:50:42
LLNW,3.12,10:50:43
LLNW,3.115,10:51:04
LLNW,3.1119,10:51:21
LLNW,3.115,10:51:33
LLNW,3.11,10:51:42
LLNW,3.1,10:51:48
LLNW,3.105,10:51:55
LLNW,3.1087,10:52:15
LLNW,3.1,10:52:27
LLNW,3.09,10:52:43
LLNW,3.0911,10:52:54
LLNW,3.0901,10:53:06
LLNW,3.08,10:53:07
LLNW,3.09,10:53:11
LLNW,3.085,10:53:21
LLNW,3.09,10:53:25
LLNW,3.1,10:53:49
LLNW,3.09,10:53:50
LLNW,3.095,10:53:52
LLNW,3.0989,10:53:59
LLNW,3.1,10:54:05
LLNW,3.0919,10:54:05
LLNW,3.095,10:54:06
LLNW,3.1,10:54:09
LLNW,3.09,10:54:15
LLNW,3.095,10:54:20
LLNW,3.098,10:54:45
LLNW,3.095,10:55:07
LLNW,3.09,10:55:23
LLNW,3.1,10:55:43
LLNW,3.099,10:55:45
LLNW,3.1,10:55:49
LLNW,3.105,10:55:51
LLNW,3.1,10:56:27
LLNW,3.105,10:56:28
LLNW,3.11,10:56:54
LLNW,3.1003,10:57:10
LLNW,3.1085,10:57:17
LLNW,3.1,10:57:18
LLNW,3.095,10:57:31
LLNW,3.09,10:57:39
LLNW,3.095,10:57:54
LLNW,3.1,10:58:14
LLNW,3.109,10:58:37
LLNW,3.105,10:58:56
LLNW,3.1,10:59:32
LLNW,3.105,10:59:42
LLNW,3.095,10:59:48
LLNW,3.1,11:00:15
LLNW,3.105,11:00:19
LLNW,3.1014,11:02:04
LLNW,3.1,11:02:21
LLNW,3.105,11:02:35
LLNW,3.11,11:04:02
LLNW,3.105,11:04:31
LLNW,3.1,11:05:22
LLNW,3.105,11:05:30
LLNW,3.1,11:05:31
LLNW,3.105,11:06:17
LLNW,3.1089,11:06:20
LLNW,3.1,11:06:28
LLNW,3.105,11:06:30
LLNW,3.1033,11:07:12
LLNW,3.105,11:07:31
LLNW,3.1088,11:07:38
LLNW,3.1,11:07:47
LLNW,3.105,11:08:27
LLNW,3.1013,11:09:42
LLNW,3.1,11:09:48
LLNW,3.09,11:10:05
LLNW,3.085,11:11:24
LLNW,3.08,11:11:44
LLNW,3.0881,11:12:45
LLNW,3.08,11:12:46
LLNW,3.075,11:12:48
LLNW,3.08,11:13:28
LLNW,3.075,11:14:05
LLNW,3.0719,11:14:23
LLNW,3.075,11:14:36
LLNW,3.07,11:14:55
LLNW,3.075,11:15:38
LLNW,3.07,11:16:11
LLNW,3.075,11:16:13
LLNW,3.0789,11:16:25
LLNW,3.07,11:16:27
LLNW,3.075,11:16:35
LLNW,3.08,11:16:39
LLNW,3.075,11:16:40
LLNW,3.07,11:17:02
LLNW,3.08,11:17:40
LLNW,3.075,11:17:41
LLNW,3.07,11:17:47
LLNW,3.0746,11:18:07
LLNW,3.075,11:18:37
LLNW,3.07,11:19:20
LLNW,3.075,11:19:45
LLNW,3.08,11:20:04
LLNW,3.085,11:20:10
LLNW,3.08,11:20:22
LLNW,3.085,11:20:48
LLNW,3.0899,11:21:38
LLNW,3.085,11:21:51
LLNW,3.08,11:22:30
LLNW,3.0811,11:22:38
LLNW,3.085,11:22:56
LLNW,3.0811,11:23:00
LLNW,3.08,11:23:29
LLNW,3.085,11:23:57
LLNW,3.0858,11:24:06
LLNW,3.0889,11:24:09
LLNW,3.0892,11:24:44
LLNW,3.085,11:25:05
LLNW,3.08,11:25:10
LLNW,3.09,11:25:56
LLNW,3.0715,11:25:58
LLNW,3.075,11:25:59
LLNW,3.07,11:26:05
LLNW,3.075,11:26:10
LLNW,3.07,11:26:16
LLNW,3.0789,11:27:02
LLNW,3.07,11:27:40
LLNW,3.061,11:27:43
LLNW,3.06,11:27:48
LLNW,3.065,11:28:03
LLNW,3.06,11:28:39
LLNW,3.065,11:28:50
LLNW,3.06,11:28:53
LLNW,3.0601,11:29:12
LLNW,3.06,11:29:13
LLNW,3.055,11:29:21
LLNW,3.065,11:29:52
LLNW,3.06,11:30:18
LLNW,3.0581,11:30:41
LLNW,3.055,11:31:17
LLNW,3.05,11:31:34
LLNW,3.055,11:31:35
LLNW,3.05,11:32:29
LLNW,3.0487,11:33:19
LLNW,3.045,11:33:39
LLNW,3.0489,11:34:01
LLNW,3.055,11:34:06
LLNW,3.0592,11:34:23
LLNW,3.0589,11:34:29
LLNW,3.06,11:34:32
LLNW,3.0589,11:35:07
LLNW,3.05,11:35:12
LLNW,3.045,11:35:41
LLNW,3.05,11:36:09
LLNW,3.045,11:36:31
LLNW,3.04,11:36:41
LLNW,3.05,11:37:01
LLNW,3.0493,11:37:06
LLNW,3.045,11:37:32
LLNW,3.05,11:37:33
LLNW,3.0409,11:37:35
LLNW,3.045,11:37:50
LLNW,3.05,11:38:05
LLNW,3.045,11:38:23
LLNW,3.05,11:38:43
LLNW,3.045,11:38:56
LLNW,3.05,11:38:58
LLNW,3.0489,11:39:12
LLNW,3.04,11:39:13
LLNW,3.045,11:39:53
LLNW,3.04,11:39:57
LLNW,3.0455,11:39:59
LLNW,3.045,11:40:05
LLNW,3.0452,11:40:12
LLNW,3.045,11:40:25
LLNW,3.04,11:41:03
LLNW,3.045,11:41:15
LLNW,3.04,11:41:22
LLNW,3.035,11:42:11
LLNW,3.04,11:42:14
LLNW,3.03,11:42:20
LLNW,3.02,11:42:43
LLNW,3.0298,11:42:44
LLNW,3.02,11:42:45
LLNW,3.0281,11:42:59
LLNW,3.022,11:43:43
LLNW,3.03,11:43:48
LLNW,3.02,11:43:56
LLNW,3.0287,11:44:20
LLNW,3.02,11:44:29
LLNW,3.015,11:45:03
LLNW,3.019,11:45:06
LLNW,3.025,11:45:15
LLNW,3.03,11:45:29
LLNW,3.025,11:45:48
LLNW,3.03,11:46:03
LLNW,3.0211,11:46:24
LLNW,3.025,11:46:27
LLNW,3.03,11:46:38
LLNW,3.025,11:46:46
LLNW,3.03,11:47:05
LLNW,3.0273,11:47:07
LLNW,3.025,11:47:19
LLNW,3.02,11:47:49
LLNW,3.025,11:48:00
LLNW,3.0289,11:48:07
LLNW,3.025,11:48:22
LLNW,3.0289,11:48:25
LLNW,3.025,11:48:26
LLNW,3.03,11:48:31
LLNW,3.02,11:48:42
LLNW,3.025,11:48:47
LLNW,3.03,11:48:53
LLNW,3.035,11:49:01
LLNW,3.0389,11:49:13
LLNW,3.03,11:49:18
LLNW,3.0389,11:49:21
LLNW,3.035,11:49:33
LLNW,3.03,11:50:04
LLNW,3.025,11:50:58
LLNW,3.022,11:51:05
LLNW,3.0295,11:51:06
LLNW,3.03,11:51:16
LLNW,3.025,11:51:48
LLNW,3.0289,11:52:06
LLNW,3.03,11:52:20
LLNW,3.025,11:52:31
LLNW,3.03,11:52:44
LLNW,3.025,11:52:45
LLNW,3.03,11:52:56
LLNW,3.035,11:52:57
LLNW,3.03,11:53:08
LLNW,3.035,11:53:29
LLNW,3.03,11:55:17
LLNW,3.032,11:55:49
LLNW,3.035,11:55:51
LLNW,3.0311,11:55:53
LLNW,3.035,11:56:04
LLNW,3.032,11:56:39
LLNW,3.035,11:56:48
LLNW,3.0334,11:56:53
LLNW,3.03,11:57:24
LLNW,3.035,11:57:50
LLNW,3.03,11:57:59
LLNW,3.0389,11:58:06
LLNW,3.03,11:58:26
LLNW,3.035,11:59:03
LLNW,3.0389,11:59:09
LLNW,3.03,11:59:10
LLNW,3.02,11:59:20
LLNW,3.025,11:59:32
LLNW,3.021,11:59:59
LLNW,3.02,12:00:02
LLNW,3.0211,12:00:04
LLNW,3.025,12:00:08
LLNW,3.02,12:00:28
LLNW,3.0211,12:01:16
LLNW,3.02,12:01:23
LLNW,3.025,12:01:31
LLNW,3.0289,12:01:41
LLNW,3.025,12:01:51
LLNW,3.02,12:02:36
LLNW,3.025,12:03:12
LLNW,3.02,12:03:14
LLNW,3.025,12:03:33
LLNW,3.02,12:04:07
LLNW,3.025,12:04:07
LLNW,3.02,12:05:06
LLNW,3.015,12:05:21
LLNW,3.02,12:05:57
LLNW,3.01,12:05:58
LLNW,3.02,12:05:59
LLNW,3.015,12:06:10
LLNW,3.025,12:06:39
LLNW,3.03,12:06:42
LLNW,3.025,12:06:50
LLNW,3.03,12:07:09
LLNW,3.025,12:07:58
LLNW,3.0289,12:08:06
LLNW,3.025,12:08:28
LLNW,3.03,12:09:03
LLNW,3.035,12:09:12
LLNW,3.03,12:09:13
LLNW,3.035,12:09:17
LLNW,3.03,12:11:20
LLNW,3.025,12:11:33
LLNW,3.0285,12:11:48
LLNW,3.0219,12:12:03
LLNW,3.03,12:12:21
LLNW,3.025,12:12:53
LLNW,3.03,12:13:31
LLNW,3.025,12:13:33
LLNW,3.03,12:14:28
LLNW,3.0299,12:14:59
LLNW,3.03,12:15:06
LLNW,3.025,12:15:09
LLNW,3.0289,12:15:13
LLNW,3.03,12:16:02
LLNW,3.025,12:16:20
LLNW,3.03,12:16:37
LLNW,3.025,12:16:59
LLNW,3.03,12:17:36
LLNW,3.035,12:17:41
LLNW,3.0399,12:17:43
LLNW,3.035,12:17:47
LLNW,3.03,12:17:54
LLNW,3.0201,12:18:02
LLNW,3.025,12:18:11
LLNW,3.03,12:18:33
LLNW,3.02,12:18:38
LLNW,3.015,12:18:52
LLNW,3.02,12:18:57
LLNW,3.015,12:19:06
LLNW,3.02,12:20:16
LLNW,3.016,12:20:57
LLNW,3.015,12:20:58
LLNW,3.02,12:21:03
LLNW,3.0189,12:21:52
LLNW,3.02,12:22:04
LLNW,3.015,12:22:07
LLNW,3.02,12:22:08
LLNW,3.015,12:22:11
LLNW,3.02,12:22:15
LLNW,3.015,12:22:40
LLNW,3.0111,12:22:41
LLNW,3.015,12:22:53
LLNW,3.02,12:22:58
LLNW,3.0211,12:23:31
LLNW,3.025,12:23:47
LLNW,3.0295,12:24:05
LLNW,3.03,12:24:38
LLNW,3.035,12:25:03
LLNW,3.0311,12:25:22
LLNW,3.035,12:25:50
LLNW,3.03,12:26:04
LLNW,3.0299,12:26:05
LLNW,3.025,12:26:17
LLNW,3.03,12:26:40
LLNW,3.0299,12:26:52
LLNW,3.03,12:26:59
LLNW,3.025,12:27:08
LLNW,3.035,12:27:41
LLNW,3.0399,12:28:41
LLNW,3.0306,12:28:44
LLNW,3.035,12:29:28
LLNW,3.03,12:30:11
LLNW,3.0281,12:30:55
LLNW,3.025,12:31:02
LLNW,3.03,12:31:05
LLNW,3.025,12:32:04
LLNW,3.03,12:32:34
LLNW,3.025,12:32:41
LLNW,3.0299,12:32:54
LLNW,3.025,12:32:59
LLNW,3.03,12:33:38
LLNW,3.0201,12:34:08
LLNW,3.03,12:34:11
LLNW,3.025,12:34:17
LLNW,3.03,12:34:47
LLNW,3.025,12:35:06
LLNW,3.03,12:35:07
LLNW,3.025,12:35:16
LLNW,3.03,12:36:26
LLNW,3.025,12:36:34
LLNW,3.03,12:36:41
LLNW,3.025,12:37:17
LLNW,3.03,12:37:45
LLNW,3.0289,12:39:24
LLNW,3.025,12:39:31
LLNW,3.02,12:39:55
LLNW,3.015,12:40:12
LLNW,3.0111,12:40:36
LLNW,3.02,12:40:49
LLNW,3.015,12:40:50
LLNW,3.0275,12:40:57
LLNW,3.025,12:41:04
LLNW,3.03,12:42:17
LLNW,3.025,12:42:19
LLNW,3.01,12:42:35
LLNW,3.025,12:45:11
LLNW,3.02,12:45:27
LLNW,3.025,12:45:33
LLNW,3.02,12:45:39
LLNW,3.03,12:45:54
LLNW,3.02,12:45:56
LLNW,3.0211,12:46:04
LLNW,3.025,12:46:19
LLNW,3.02,12:49:06
LLNW,3.025,12:49:22
LLNW,3.03,12:49:28
LLNW,3.0289,12:50:00
LLNW,3.035,12:50:01
LLNW,3.038,12:50:02
LLNW,3.04,12:50:06
LLNW,3.045,12:50:10
LLNW,3.0489,12:51:36
LLNW,3.05,12:51:47
LLNW,3.06,12:52:00
LLNW,3.055,12:52:18
LLNW,3.05,12:52:20
LLNW,3.06,12:52:35
LLNW,3.0511,12:52:47
LLNW,3.06,12:52:57
LLNW,3.04,12:53:30
LLNW,3.0481,12:53:31
LLNW,3.045,12:53:32
LLNW,3.04,12:57:06
LLNW,3.045,12:57:08
LLNW,3.0429,12:59:05
LLNW,3.045,12:59:11
LLNW,3.04,12:59:55
LLNW,3.03,12:59:56
LLNW,3.035,01:00:18
LLNW,3.04,01:00:21
LLNW,3.035,01:00:29
LLNW,3.0399,01:00:32
LLNW,3.04,01:00:34
LLNW,3.0316,01:01:28
LLNW,3.0399,01:02:02
LLNW,3.035,01:02:13
LLNW,3.04,01:02:25
LLNW,3.035,01:02:57
LLNW,3.04,01:03:15
LLNW,3.035,01:03:39
LLNW,3.037,01:03:48
LLNW,3.04,01:03:56
LLNW,3.0313,01:04:10
LLNW,3.035,01:04:17
LLNW,3.04,01:04:21
LLNW,3.0301,01:04:27
LLNW,3.03,01:04:54
LLNW,3.035,01:05:28
LLNW,3.04,01:06:01
LLNW,3.035,01:06:11
LLNW,3.04,01:06:15
LLNW,3.035,01:07:58
LLNW,3.03,01:08:05
LLNW,3.035,01:09:15
LLNW,3.03,01:09:23
LLNW,3.02,01:10:41
LLNW,3.025,01:11:28
LLNW,3.03,01:11:29
LLNW,3.025,01:11:42
LLNW,3.02,01:11:58
LLNW,3.03,01:12:05
LLNW,3.025,01:12:28
LLNW,3.03,01:12:31
LLNW,3.025,01:12:32
LLNW,3.03,01:12:42
LLNW,3.035,01:13:00
LLNW,3.04,01:13:06
LLNW,3.0311,01:13:21
LLNW,3.033,01:13:26
LLNW,3.035,01:14:14
LLNW,3.04,01:14:34
LLNW,3.035,01:15:07
LLNW,3.04,01:15:28
LLNW,3.03,01:15:36
LLNW,3.04,01:16:21
LLNW,3.03,01:16:46
LLNW,3.04,01:16:47
LLNW,3.035,01:17:50
LLNW,3.03,01:18:20
LLNW,3.035,01:18:39
LLNW,3.03,01:18:49
LLNW,3.04,01:18:51
LLNW,3.03,01:19:17
LLNW,3.035,01:19:23
LLNW,3.04,01:19:26
LLNW,3.03,01:19:47
LLNW,3.04,01:19:55
LLNW,3.03,01:19:59
LLNW,3.035,01:20:02
LLNW,3.04,01:20:05
LLNW,3.03,01:20:19
LLNW,3.035,01:21:10
LLNW,3.04,01:21:19
LLNW,3.03,01:21:30
LLNW,3.04,01:21:34
LLNW,3.035,01:21:53
LLNW,3.0393,01:21:54
LLNW,3.035,01:22:00
LLNW,3.03,01:22:08
LLNW,3.035,01:22:30
LLNW,3.03,01:22:38
LLNW,3.038,01:22:52
LLNW,3.03,01:23:07
LLNW,3.035,01:23:19
LLNW,3.04,01:23:20
LLNW,3.035,01:23:37
LLNW,3.04,01:23:39
LLNW,3.0311,01:23:59
LLNW,3.035,01:24:01
LLNW,3.04,01:24:06
LLNW,3.035,01:24:14
LLNW,3.031,01:24:17
LLNW,3.03,01:24:39
LLNW,3.038,01:25:42
LLNW,3.03,01:25:46
LLNW,3.04,01:25:57
LLNW,3.035,01:25:59
LLNW,3.03,01:26:13
LLNW,3.035,01:27:08
LLNW,3.04,01:27:09
LLNW,3.035,01:27:23
LLNW,3.03,01:27:50
LLNW,3.04,01:28:02
LLNW,3.03,01:28:21
LLNW,3.035,01:28:39
LLNW,3.04,01:28:54
LLNW,3.035,01:28:54
LLNW,3.03,01:29:02
LLNW,3.035,01:29:17
LLNW,3.03,01:29:32
LLNW,3.035,01:29:36
LLNW,3.03,01:30:06
LLNW,3.035,01:30:28
LLNW,3.03,01:30:37
LLNW,3.035,01:30:38
LLNW,3.03,01:30:53
LLNW,3.035,01:30:54
LLNW,3.03,01:30:59
LLNW,3.035,01:31:06
LLNW,3.04,01:31:35
LLNW,3.035,01:31:46
LLNW,3.04,01:32:10
LLNW,3.045,01:32:11
LLNW,3.05,01:32:19
LLNW,3.0498,01:32:41
LLNW,3.05,01:32:49
LLNW,3.045,01:33:06
LLNW,3.05,01:33:22
LLNW,3.055,01:33:28
LLNW,3.06,01:34:02
LLNW,3.055,01:34:07
LLNW,3.06,01:34:36
LLNW,3.055,01:35:11
LLNW,3.05,01:36:47
LLNW,3.055,01:36:56
LLNW,3.0542,01:37:56
LLNW,3.055,01:38:16
LLNW,3.0501,01:38:21
LLNW,3.055,01:38:36
LLNW,3.05,01:38:38
LLNW,3.055,01:38:46
LLNW,3.0511,01:39:22
LLNW,3.055,01:39:23
LLNW,3.0584,01:39:26
LLNW,3.06,01:40:05
LLNW,3.055,01:40:11
LLNW,3.05,01:40:12
LLNW,3.055,01:40:18
LLNW,3.06,01:40:19
LLNW,3.055,01:40:34
LLNW,3.06,01:40:40
LLNW,3.055,01:41:04
LLNW,3.06,01:41:14
LLNW,3.05,01:41:18
LLNW,3.04,01:41:19
LLNW,3.045,01:41:20
LLNW,3.05,01:41:21
LLNW,3.04,01:41:33
LLNW,3.05,01:41:45
LLNW,3.045,01:41:49
LLNW,3.04,01:42:01
LLNW,3.05,01:42:02
LLNW,3.045,01:42:03
LLNW,3.04,01:42:19
LLNW,3.05,01:42:31
LLNW,3.04,01:42:34
LLNW,3.0493,01:42:36
LLNW,3.0419,01:42:37
LLNW,3.04,01:42:44
LLNW,3.045,01:42:50
LLNW,3.04,01:42:56
LLNW,3.045,01:43:31
LLNW,3.04,01:43:32
LLNW,3.045,01:44:03
LLNW,3.04,01:44:07
LLNW,3.045,01:44:24
LLNW,3.04,01:44:30
LLNW,3.045,01:44:32
LLNW,3.04,01:44:54
LLNW,3.035,01:45:00
LLNW,3.03,01:45:41
LLNW,3.035,01:45:46
LLNW,3.038,01:46:53
LLNW,3.035,01:47:22
LLNW,3.0318,01:47:38
LLNW,3.0389,01:47:46
LLNW,3.04,01:47:54
LLNW,3.0389,01:48:17
LLNW,3.04,01:48:36
LLNW,3.035,01:48:39
LLNW,3.03,01:48:41
LLNW,3.035,01:48:42
LLNW,3.03,01:48:46
LLNW,3.02,01:48:54
LLNW,3.03,01:48:55
LLNW,3.025,01:49:11
LLNW,3.02,01:49:49
LLNW,3.025,01:50:03
LLNW,3.02,01:50:08
LLNW,3.025,01:50:23
LLNW,3.02,01:50:38
LLNW,3.025,01:51:12
LLNW,3.02,01:51:14
LLNW,3.025,01:51:16
LLNW,3.029,01:51:18
LLNW,3.02,01:51:43
LLNW,3.0281,01:52:04
LLNW,3.025,01:52:13
LLNW,3.027,01:52:19
LLNW,3.025,01:52:31
LLNW,3.02,01:52:57
LLNW,3.0241,01:52:58
LLNW,3.02,01:52:59
LLNW,3.015,01:53:35
LLNW,3.0199,01:53:45
LLNW,3.015,01:53:47
LLNW,3.0101,01:54:33
LLNW,3.02,01:54:34
LLNW,3.03,01:54:44
LLNW,3.0299,01:55:13
LLNW,3.025,01:55:26
LLNW,3.03,01:56:21
LLNW,3.025,01:56:24
LLNW,3.02,01:57:32
LLNW,3.025,01:57:36
LLNW,3.03,01:58:08
LLNW,3.025,01:58:48
LLNW,3.03,02:00:44
LLNW,3.025,02:01:12
LLNW,3.0214,02:01:21
LLNW,3.03,02:01:21
LLNW,3.025,02:01:32
LLNW,3.03,02:01:37
LLNW,3.025,02:01:52
LLNW,3.03,02:02:14
LLNW,3.025,02:02:36
LLNW,3.035,02:02:41
LLNW,3.04,02:02:50
LLNW,3.035,02:03:17
LLNW,3.04,02:05:13
LLNW,3.0399,02:05:20
LLNW,3.035,02:05:57
LLNW,3.04,02:06:09
LLNW,3.0311,02:06:10
LLNW,3.04,02:06:21
LLNW,3.035,02:06:25
LLNW,3.04,02:06:33
LLNW,3.05,02:06:57
LLNW,3.0407,02:07:22
LLNW,3.05,02:07:31
LLNW,3.055,02:07:55
LLNW,3.06,02:08:21
LLNW,3.055,02:08:37
LLNW,3.0511,02:09:00
LLNW,3.06,02:09:21
LLNW,3.055,02:09:25
LLNW,3.06,02:09:45
LLNW,3.0543,02:09:52
LLNW,3.06,02:09:59
LLNW,3.055,02:10:17
LLNW,3.06,02:10:36
LLNW,3.055,02:10:51
LLNW,3.06,02:11:16
LLNW,3.07,02:11:18
LLNW,3.063,02:12:51
LLNW,3.065,02:12:52
LLNW,3.07,02:13:00
LLNW,3.065,02:13:04
LLNW,3.0689,02:13:18
LLNW,3.065,02:13:41
LLNW,3.06,02:13:42
LLNW,3.065,02:13:58
LLNW,3.055,02:14:18
LLNW,3.06,02:14:19
LLNW,3.055,02:14:20
LLNW,3.0589,02:14:22
LLNW,3.055,02:14:27
LLNW,3.06,02:14:38
LLNW,3.065,02:14:49
LLNW,3.0613,02:15:29
LLNW,3.065,02:16:01
LLNW,3.06,02:16:47
LLNW,3.065,02:17:11
LLNW,3.06,02:17:17
LLNW,3.065,02:17:43
LLNW,3.055,02:17:59
LLNW,3.06,02:18:52
LLNW,3.055,02:19:17
LLNW,3.06,02:19:32
LLNW,3.055,02:19:49
LLNW,3.06,02:20:11
LLNW,3.065,02:20:32
LLNW,3.0699,02:20:49
LLNW,3.065,02:20:58
LLNW,3.055,02:21:01
LLNW,3.06,02:21:24
LLNW,3.055,02:21:25
LLNW,3.06,02:21:34
LLNW,3.065,02:21:49
LLNW,3.06,02:22:27
LLNW,3.065,02:22:33
LLNW,3.06,02:22:52
LLNW,3.065,02:22:55
LLNW,3.055,02:23:18
LLNW,3.06,02:23:35
LLNW,3.055,02:23:42
LLNW,3.06,02:24:16
LLNW,3.065,02:24:18
LLNW,3.06,02:25:05
LLNW,3.065,02:25:35
LLNW,3.07,02:25:43
LLNW,3.065,02:26:15
LLNW,3.0665,02:26:51
LLNW,3.065,02:27:45
LLNW,3.067,02:28:03
LLNW,3.065,02:28:04
LLNW,3.07,02:28:28
LLNW,3.0669,02:28:45
LLNW,3.07,02:28:49
LLNW,3.065,02:29:51
LLNW,3.07,02:30:04
LLNW,3.075,02:30:16
LLNW,3.07,02:30:17
LLNW,3.075,02:30:52
LLNW,3.08,02:31:02
LLNW,3.07,02:31:11
LLNW,3.075,02:31:35
LLNW,3.08,02:31:54
LLNW,3.075,02:32:54
LLNW,3.0799,02:33:07
LLNW,3.08,02:33:33
LLNW,3.065,02:33:35
LLNW,3.07,02:33:40
LLNW,3.0714,02:34:03
LLNW,3.07,02:34:04
LLNW,3.0799,02:34:15
LLNW,3.08,02:34:36
LLNW,3.075,02:34:37
LLNW,3.07,02:35:27
LLNW,3.08,02:35:36
LLNW,3.075,02:35:37
LLNW,3.08,02:36:12
LLNW,3.075,02:36:40
LLNW,3.0711,02:36:48
LLNW,3.075,02:36:51
LLNW,3.08,02:37:16
LLNW,3.0701,02:37:54
LLNW,3.07,02:38:10
LLNW,3.075,02:38:17
LLNW,3.08,02:38:36
LLNW,3.07,02:39:12
LLNW,3.075,02:39:32
LLNW,3.07,02:39:45
LLNW,3.06,02:40:03
LLNW,3.07,02:40:31
LLNW,3.075,02:41:01
LLNW,3.08,02:41:09
LLNW,3.075,02:42:06
LLNW,3.07,02:42:07
LLNW,3.075,02:42:18
LLNW,3.06,02:42:58
LLNW,3.065,02:42:59
LLNW,3.06,02:43:27
LLNW,3.0611,02:43:30
LLNW,3.0687,02:43:53
LLNW,3.06,02:43:54
LLNW,3.05,02:44:12
LLNW,3.06,02:44:16
LLNW,3.055,02:45:10
LLNW,3.06,02:45:46
LLNW,3.0589,02:47:09
LLNW,3.06,02:47:12
LLNW,3.0589,02:48:05
LLNW,3.055,02:48:19
LLNW,3.0511,02:48:38
LLNW,3.06,02:49:06
LLNW,3.0554,02:49:09
LLNW,3.055,02:49:27
LLNW,3.0511,02:51:07
LLNW,3.05,02:51:11
LLNW,3.055,02:51:40
LLNW,3.05,02:52:07
LLNW,3.055,02:52:45
LLNW,3.051,02:54:14
LLNW,3.0511,02:54:50
LLNW,3.055,02:54:58
LLNW,3.05,02:55:16
LLNW,3.055,02:55:19
LLNW,3.0511,02:55:30
LLNW,3.05,02:55:31
LLNW,3.055,02:56:17
LLNW,3.05,02:58:08
LLNW,3.045,03:00:10
LLNW,3.03,03:00:57
LLNW,3.04,03:00:58
LLNW,3.035,03:01:02
LLNW,3.038,03:02:14
LLNW,3.035,03:02:18
LLNW,3.0363,03:04:02
LLNW,3.0311,03:04:06
LLNW,3.035,03:04:09
LLNW,3.03,03:04:11
LLNW,3.035,03:04:52
LLNW,3.03,03:05:06
LLNW,3.035,03:05:11
LLNW,3.04,03:06:31
LLNW,3.03,03:06:36
LLNW,3.025,03:06:55
LLNW,3.03,03:07:23
LLNW,3.0219,03:07:35
LLNW,3.03,03:07:41
LLNW,3.0341,03:07:57
LLNW,3.03,03:08:04
LLNW,3.025,03:08:42
LLNW,3.028,03:08:43
LLNW,3.02,03:08:49
LLNW,3.01,03:09:33
LLNW,3.015,03:10:41
LLNW,3.01,03:12:15
LLNW,3.015,03:12:54
LLNW,3.0189,03:13:23
LLNW,3.015,03:13:25
LLNW,3.02,03:14:03
LLNW,3.014,03:14:15
LLNW,3.01,03:14:36
LLNW,3.015,03:14:48
LLNW,3.01,03:15:01
LLNW,3.0189,03:15:15
LLNW,3.02,03:15:23
LLNW,3.015,03:15:51
LLNW,3.0111,03:16:43
LLNW,3.015,03:16:56
LLNW,3.0189,03:17:55
LLNW,3.01,03:17:56
LLNW,3.015,03:18:02
LLNW,3.0111,03:18:05
LLNW,3.005,03:18:08
LLNW,3.0067,03:18:14
LLNW,3.005,03:18:20
LLNW,3,03:18:40
LLNW,3.005,03:19:09
LLNW,3.0099,03:19:35
LLNW,2.99,03:19:45
LLNW,2.995,03:19:50
LLNW,2.99,03:20:10
LLNW,2.995,03:20:14
LLNW,2.99,03:20:18
LLNW,3.005,03:20:49
LLNW,3.0031,03:20:54
LLNW,3.0099,03:21:19
LLNW,3.005,03:21:33
LLNW,3,03:21:59
LLNW,3.005,03:22:17
LLNW,3.0002,03:22:54
LLNW,3.005,03:23:15
LLNW,3.01,03:23:16
LLNW,3.005,03:23:21
LLNW,3.006,03:24:06
LLNW,3,03:24:07
LLNW,3.005,03:24:28
LLNW,3.01,03:24:39
LLNW,3.005,03:24:47
LLNW,3.01,03:25:17
LLNW,3.005,03:25:38
LLNW,3.01,03:25:54
LLNW,3.005,03:26:41
LLNW,3.01,03:26:43
LLNW,3.005,03:27:23
LLNW,3.01,03:27:38
LLNW,3.005,03:28:11
LLNW,3.01,03:28:19
LLNW,3.005,03:28:23
LLNW,3.01,03:28:27
LLNW,3.005,03:28:28
LLNW,3.01,03:28:37
LLNW,3,03:29:52
LLNW,3.005,03:29:54
LLNW,3.01,03:29:57
LLNW,3,03:29:59
LLNW,3.005,03:30:01
LLNW,3.01,03:30:32
LLNW,3.015,03:31:03
LLNW,3.02,03:31:17
LLNW,3.015,03:31:21
LLNW,3.02,03:31:34
LLNW,3.015,03:32:07
LLNW,3.02,03:32:11
LLNW,3.015,03:32:23
LLNW,3.02,03:32:30
LLNW,3.03,03:32:41
LLNW,3.025,03:32:54
LLNW,3.03,03:32:56
LLNW,3.025,03:33:26
LLNW,3.03,03:33:27
LLNW,3.025,03:34:08
LLNW,3.03,03:34:11
LLNW,3.025,03:34:25
LLNW,3.026,03:34:55
LLNW,3.025,03:34:56
LLNW,3.03,03:35:48
LLNW,3.0284,03:35:52
LLNW,3.025,03:36:00
LLNW,3.03,03:36:37
LLNW,3.025,03:36:39
LLNW,3.03,03:36:49
LLNW,3.023,03:36:52
LLNW,3.03,03:36:55
LLNW,3.025,03:37:06
LLNW,3.03,03:37:08
LLNW,3.025,03:37:13
LLNW,3.03,03:37:16
LLNW,3.025,03:37:49
LLNW,3.03,03:37:50
LLNW,3.0289,03:38:02
LLNW,3.03,03:38:07
LLNW,3.025,03:38:35
LLNW,3.03,03:38:36
LLNW,3.025,03:38:45
LLNW,3.03,03:38:46
LLNW,3.025,03:38:47
LLNW,3.03,03:38:55
LLNW,3.025,03:39:10
LLNW,3.03,03:39:12
LLNW,3.025,03:39:17
LLNW,3.03,03:39:26
LLNW,3.025,03:39:34
LLNW,3.02,03:39:45
LLNW,3.025,03:39:56
LLNW,3.03,03:40:07
LLNW,3.025,03:40:08
LLNW,3.03,03:40:13
LLNW,3.025,03:40:24
LLNW,3.03,03:40:25
LLNW,3.035,03:40:27
LLNW,3.04,03:40:28
LLNW,3.035,03:40:42
LLNW,3.04,03:40:53
LLNW,3.03,03:41:01
LLNW,3.04,03:41:04
LLNW,3.035,03:41:16
LLNW,3.03,03:41:18
LLNW,3.025,03:41:21
LLNW,3.02,03:41:22
LLNW,3.025,03:41:23
LLNW,3.029,03:41:49
LLNW,3.025,03:41:51
LLNW,3.0211,03:41:55
LLNW,3.03,03:41:56
LLNW,3.0299,03:42:00
LLNW,3.03,03:42:01
LLNW,3.035,03:42:51
LLNW,3.025,03:43:04
LLNW,3.03,03:43:05
LLNW,3.025,03:43:06
LLNW,3.03,03:43:16
LLNW,3.025,03:43:22
LLNW,3.03,03:43:31
LLNW,3.025,03:43:32
LLNW,3.03,03:43:42
LLNW,3.025,03:43:49
LLNW,3.0219,03:43:51
LLNW,3.025,03:43:52
LLNW,3.03,03:43:59
LLNW,3.025,03:44:09
LLNW,3.03,03:44:34
LLNW,3.025,03:44:35
LLNW,3.03,03:44:59
LLNW,3.025,03:45:12
LLNW,3.02,03:45:36
LLNW,3.025,03:45:37
LLNW,3.02,03:45:38
LLNW,3.025,03:45:48
LLNW,3.02,03:46:35
LLNW,3.025,03:46:36
LLNW,3.02,03:46:48
LLNW,3.025,03:46:56
LLNW,3.015,03:47:15
LLNW,3.0102,03:47:50
LLNW,3.015,03:47:56
LLNW,3.01,03:48:18
LLNW,3.015,03:48:37
LLNW,3.01,03:48:49
LLNW,3.015,03:49:11
LLNW,3.01,03:49:20
LLNW,3.0114,03:49:30
LLNW,3.015,03:49:37
LLNW,3.02,03:49:38
LLNW,3.015,03:49:40
LLNW,3.02,03:49:50
LLNW,3.015,03:50:02
LLNW,3.025,03:50:05
LLNW,3.03,03:50:12
LLNW,3.025,03:50:27
LLNW,3.0202,03:50:34
LLNW,3.02,03:50:38
LLNW,3.03,03:50:48
LLNW,3.025,03:51:08
LLNW,3.03,03:52:35
LLNW,3.025,03:52:47
LLNW,3.03,03:52:54
LLNW,3.025,03:53:11
LLNW,3.03,03:53:50
LLNW,3.025,03:54:02
LLNW,3.03,03:54:04
LLNW,3.025,03:54:08
LLNW,3.03,03:54:13
LLNW,3.025,03:54:17
LLNW,3.03,03:54:22
LLNW,3.025,03:54:27
LLNW,3.0289,03:54:35
LLNW,3.025,03:54:36
LLNW,3.03,03:54:42
LLNW,3.035,03:54:45
LLNW,3.04,03:54:48
LLNW,3.035,03:54:50
LLNW,3.04,03:54:59
LLNW,3.035,03:55:01
LLNW,3.03,03:55:05
LLNW,3.035,03:55:08
LLNW,3.03,03:55:12
LLNW,3.035,03:55:23
LLNW,3.025,03:55:25
LLNW,3.02,03:55:30
LLNW,3.025,03:55:31
LLNW,3.0218,03:55:47
LLNW,3.025,03:55:49
LLNW,3.0201,03:56:30
LLNW,3.0286,03:56:31
LLNW,3.025,03:56:41
LLNW,3.0297,03:56:58
LLNW,3.02,03:57:00
LLNW,3.025,03:57:01
LLNW,3.02,03:57:13
LLNW,3.025,03:57:27
LLNW,3.02,03:57:30
LLNW,3.03,03:57:31
LLNW,3.02,03:57:32
LLNW,3.025,03:57:40
LLNW,3.02,03:57:44
LLNW,3.035,03:57:56
LLNW,3.04,03:58:26
LLNW,3.035,03:58:27
LLNW,3.0301,03:58:38
LLNW,3.035,03:58:39
LLNW,3.04,03:58:41
LLNW,3.035,03:58:44
LLNW,3.04,03:58:47
LLNW,3.035,03:58:51
LLNW,3.04,03:58:53
LLNW,3.0301,03:58:54
LLNW,3.035,03:58:57
LLNW,3.04,03:59:01
LLNW,3.0354,03:59:03
LLNW,3.035,03:59:04
LLNW,3.04,03:59:09
LLNW,3.035,03:59:17
LLNW,3.04,03:59:25
LLNW,3.035,03:59:29
LLNW,3.04,03:59:31
LLNW,3.035,03:59:36
LLNW,3.04,03:59:38
LLNW,3.035,03:59:43
LLNW,3.04,03:59:44
LLNW,3.035,03:59:45
LLNW,3.03,03:59:46
LLNW,3.035,03:59:48
LLNW,3.03,03:59:51
LLNW,3.04,03:59:52
LLNW,3.03,03:59:53
LLNW,3.04,03:59:56
LLNW,3.035,03:59:57
LLNW,3.04,03:59:58
LLNW,3.035,03:59:59
LLNW,3.03,04:00:00
LLNW,3.04,04:00:01
LLNW,3.05,04:04:49
LLNW,3.04,04:05:34
LLNW,3.03,04:07:49
LLNW,3.04,04:07:55
LLNW,3.08,04:10:28
LLNW,3.04,04:10:42
LLNW,3.03,04:16:25
LLNW,3.04,04:18:14
LLNW,3.03,04:21:10
LLNW,3.04,04:26:30
LLNW,3.03,04:27:03
LLNW,3.07,04:27:05
LLNW,3.03,04:30:19
LLNW,3.02,04:32:35
LLNW,3.03,04:36:16
LLNW,3.02,04:36:55
LLNW,3.03,04:39:40
LLNW,3.04,04:41:22
LLNW,3.07,04:42:03
LLNW,3.04,04:42:17
LLNW,3.02,04:42:48
LLNW,3.04,04:42:57
LLNW,3.05,04:43:20
LLNW,3.04,04:43:30
LLNW,3.05,04:44:51
LLNW,3.03,04:45:15
LLNW,3.05,04:47:14
LLNW,3.04,04:48:04
LLNW,3.05,04:49:17
LLNW,3.02,04:49:31
LLNW,3.04,04:50:55
LLNW,3.02,04:51:34
LLNW,3.05,04:58:02
LLNW,3.04,04:58:57
LLNW,3.05,05:03:48
LLNW,3.08,05:05:48
LLNW,3.06,05:12:26
LLNW,3.05,05:17:30
LLNW,3.02,05:17:40
LLNW,3.04,05:19:26
LLNW,3.03,05:25:48
LLNW,3.02,05:26:30
LLNW,3.06,05:26:41
LLNW,3.05,05:34:43
LLNW,3.02,05:44:23
LLNW,3.05,05:45:38
LLNW,3.0315,05:47:15
LLNW,3.04,05:48:20
LLNW,3.05,05:55:57
LLNW,3.02,05:56:12
LLNW,3.03,07:17:24
LLNW,3.11,07:20:10
LLNW,3.06,07:20:33
LLNW,3.02,07:47:47
LLNW,3.1,07:53:21
LLNW,3.11,07:53:22
LLNW,3.08,07:55:57
